﻿Designator,Footprint,Quantity,Value,LCSC Part #
C1,CP_Radial_D4.0mm_P1.50mm,1,10uF,
C2,CP_Radial_D4.0mm_P1.50mm,1,22uF,
C3,0805,1,0.1uF,
IC1,SOIC127P600X175-16N,1,MCP3008-I_SL,
K1,PinHeader_1x05_P2.54mm_Vertical,1,Battery,
K2,PinHeader_1x03_P2.54mm_Vertical,1,Current Sensor,
K3,PinHeader_1x04_P2.54mm_Vertical,1,OLED,
MOD1,XIAO-ESP32C3-DIP,1,MOUDLE-SEEEDUINO-XIAO-ESP32C3,
"R1, R3, R5, R7",R_Axial_DIN0204_L3.6mm_D1.6mm_P2.54mm_Vertical,4,100k,
"R11, R12, R13",R_Axial_DIN0204_L3.6mm_D1.6mm_P2.54mm_Vertical,3,3.3k,
R2,R_Axial_DIN0204_L3.6mm_D1.6mm_P2.54mm_Vertical,1,28k,
R4,R_Axial_DIN0204_L3.6mm_D1.6mm_P2.54mm_Vertical,1,12k,
R6,R_Axial_DIN0204_L3.6mm_D1.6mm_P2.54mm_Vertical,1,8k,
R8,R_Axial_DIN0204_L3.6mm_D1.6mm_P2.54mm_Vertical,1,6k,
T1,SOT-223-3_TabPin2,1,AMS1117-3.3,
"TH1, TH2",JST_XH_B2B-XH-A_1x02_P2.50mm_Vertical,2,5k,
TH3,R_Axial_DIN0204_L3.6mm_D1.6mm_P2.54mm_Vertical,1,5k,
